state, lable, max_contribution, min_contribution, max_consumption,  min_consumption, 50_percentile_contribution, 50_percentile_consumption, AVG_contribution/, AVG_consumption, 50_percentile_contribution/50 percent_consumption ,
0,0,430,76,127231,82446,230,105034,234,104607,0.0021897671,0.002236944
0,1,60,0,21657,1,0,767,3.3333333333,4046.625,0,0.0008237317
0,2,610,329,173254,136453,417,159118,432,157341.333333,0.0026206966,0.0027456231
0,3,208,8,68983,30658,82,47779.5,92.6666666667,48944.5,0.0017162172,0.0018933009
1,0,264,0,2441,1,0,128.5,7.685873606,413.494423792,0,0.0185876113
1,1,14,0,13920,7568,0,10472,1.9649122807,10344.7017544,0,0.0001899438
1,2,0,0,22722,14283,0,17728,0,17537.0285714,0,0
1,3,35,0,7355,2513,0,4155,1.7356321839,4548.56321839,0,0.0003815781
